Trial Index,P-Value,Generator
0,0.9999999989999999,Weak
1,0.9441372410859858,Weak
2,0.9627581603906572,Weak
3,0.7669967760517455,Weak
4,0.7161355475940842,Weak
5,0.6805020933831472,Weak
6,0.6007528871357228,Weak
7,0.5481228541231338,Weak
8,0.5983314257761189,Weak
9,0.5564695455020081,Weak
10,0.5222189161868265,Weak
11,0.5620340064212576,Weak
12,0.5957236981580839,Weak
13,0.5897927649870379,Weak
14,0.5839622354764662,Weak
15,0.5551056988623856,Weak
16,0.5330237532254811,Weak
17,0.5237286692267834,Weak
18,0.5487955813201106,Weak
19,0.5303414334058556,Weak
20,0.5136448233881963,Weak
21,0.5163950135847456,Weak
22,0.49925860645719916,Weak
23,0.5201228311464825,Weak
24,0.5139464075505801,Weak
25,0.5134998081189601,Weak
26,0.5130862901267194,Weak
27,0.5011800877305869,Weak
28,0.4900950027410843,Weak
29,0.48706747084077695,Weak
30,0.4727804946016032,Weak
31,0.4636221236151472,Weak
32,0.45501880541574913,Weak
33,0.4469215647574921,Weak
34,0.4627238057358495,Weak
35,0.4658189502351948,Weak
36,0.45808634679735205,Weak
37,0.4507607224878168,Weak
38,0.46484378085992406,Weak
39,0.47822268631342596,Weak
40,0.47881078719184145,Weak
41,0.49122005413965475,Weak
42,0.4839756952767561,Weak
43,0.4820505441507358,Weak
44,0.47858518667502054,Weak
45,0.4726613764113849,Weak
46,0.4664284242118876,Weak
47,0.4610047052605521,Weak
48,0.4597447938415992,Weak
49,0.4541441504254675,Weak
50,0.4550890655608203,Weak
51,0.45599763780635183,Weak
52,0.46626183330057164,Weak
53,0.46825974393782555,Weak
54,0.4688792908176553,Weak
55,0.47075910719077363,Weak
56,0.4713130671054699,Weak
57,0.478502057037651,Weak
58,0.47388490208019557,Weak
59,0.48079139509839186,Weak
60,0.4794549631415635,Weak
61,0.47816164189301996,Weak
62,0.478545343169773,Weak
63,0.48494736098230734,Weak
64,0.4852148603876328,Weak
65,0.4930146352150929,Weak
66,0.49864122435049446,Weak
67,0.49884783331244953,Weak
68,0.49422268533741415,Weak
69,0.4897296844473798,Weak
70,0.4899072216006345,Weak
71,0.4855989632872231,Weak
72,0.4926455528175351,Weak
73,0.49799188971421665,Weak
74,0.5046853311713604,Weak
75,0.5112026294322635,Weak
76,0.5110874631062401,Weak
77,0.5096538936527225,Weak
78,0.5073305463627329,Weak
79,0.5134889145206987,Weak
80,0.5120787926837995,Weak
81,0.5119599637770271,Weak
82,0.5127092293666085,Weak
83,0.5125857245209163,Weak
84,0.511252587123398,Weak
85,0.511148892183922,Weak
86,0.5076424671536216,Weak
87,0.5039159916522737,Weak
88,0.5002185598103027,Weak
89,0.5002420738382822,Weak
90,0.5057339191697297,Weak
91,0.5045766922845355,Weak
92,0.5010835302495943,Weak
93,0.5063911522575774,Weak
94,0.5063484540477972,Weak
95,0.5052330435445062,Weak
96,0.5052031649752686,Weak
97,0.5102521122612353,Weak
98,0.5101721396356518,Weak
99,0.5150704182292952,Weak
0,0.5741490077122815,Pseudo
1,0.48670902672207295,Pseudo
2,0.33919642029017893,Pseudo
3,0.26544011707423193,Pseudo
4,0.22118633514466374,Pseudo
5,0.3509886124538864,Pseudo
6,0.3726094995788257,Pseudo
7,0.4510333120064725,Pseudo
8,0.5120296105613088,Pseudo
9,0.547826260233877,Pseudo
10,0.5436906749697484,Pseudo
11,0.5402443539163079,Pseudo
12,0.5756101727688996,Pseudo
13,0.5703762191660111,Pseudo
14,0.5540917684045137,Pseudo
15,0.5580282250387324,Pseudo
16,0.5553613079048916,Pseudo
17,0.5529907148970331,Pseudo
18,0.5541043092557304,Pseudo
19,0.5353847249446944,Pseudo
20,0.5338109200582072,Pseudo
21,0.549922900199742,Pseudo
22,0.5617131075242606,Pseudo
23,0.5457964206705419,Pseudo
24,0.5440579567368587,Pseudo
25,0.5250250603569722,Pseudo
26,0.524184681170731,Pseudo
27,0.5070413428227188,Pseudo
28,0.5072361459586058,Pseudo
29,0.4963186951944859,Pseudo
30,0.49651276381171094,Pseudo
31,0.48661275941243903,Pseudo
32,0.47731275527978967,Pseudo
33,0.47804869842828,Pseudo
34,0.47027844746026576,Pseudo
35,0.4849929350030362,Pseudo
36,0.47745501553127256,Pseudo
37,0.4877850442616862,Pseudo
38,0.4788869404344695,Pseudo
39,0.4714075824994831,Pseudo
40,0.4721619054221411,Pseudo
41,0.4728803082056249,Pseudo
42,0.4851389056659592,Pseudo
43,0.4773120895144655,Pseudo
44,0.47395203103066735,Pseudo
45,0.4745690482327933,Pseudo
46,0.4833712915293716,Pseudo
47,0.48376636508768595,Pseudo
48,0.4943017453716107,Pseudo
49,0.4944624069107477,Pseudo
50,0.4882908425210274,Pseudo
51,0.479750080307669,Pseudo
52,0.4740889962081849,Pseudo
53,0.4814206093763109,Pseudo
54,0.48180086779362274,Pseudo
55,0.4910544237080224,Pseudo
56,0.49125232543820546,Pseudo
57,0.492681578580862,Pseudo
58,0.4851649865855899,Pseudo
59,0.4831741074966454,Pseudo
60,0.4898150972618147,Pseudo
61,0.49804388599952737,Pseudo
62,0.5039478895120267,Pseudo
63,0.5023122825779618,Pseudo
64,0.5082501625871003,Pseudo
65,0.5081605362195453,Pseudo
66,0.5032583285600746,Pseudo
67,0.5105633531253676,Pseudo
68,0.5049357342344373,Pseudo
69,0.5059244952841208,Pseudo
70,0.5039496748047517,Pseudo
71,0.5040710770125113,Pseudo
72,0.4999891432801178,Pseudo
73,0.500020841645636,Pseudo
74,0.500051694721407,Pseudo
75,0.4958367069360597,Pseudo
76,0.49592109804505197,Pseudo
77,0.5007169314968717,Pseudo
78,0.5016464514489655,Pseudo
79,0.5003667338775017,Pseudo
80,0.5003910312657852,Pseudo
81,0.5004147360348422,Pseudo
82,0.5050877450364943,Pseudo
83,0.505178255616577,Pseudo
84,0.5109996878916762,Pseudo
85,0.5108989336409411,Pseudo
86,0.5116259459865887,Pseudo
87,0.5116380447113257,Pseudo
88,0.5156645397964454,Pseudo
89,0.5155164318245791,Pseudo
90,0.5118262800796387,Pseudo
91,0.5082163490248057,Pseudo
92,0.5135043452610981,Pseudo
93,0.5186798309391716,Pseudo
94,0.5185077782169536,Pseudo
95,0.5183393099264485,Pseudo
96,0.5233048840406087,Pseudo
97,0.5197988405609598,Pseudo
98,0.5163636262425159,Pseudo
99,0.5112728945031969,Pseudo
0,0.3261094577435504,True
1,0.414222140036006,True
2,0.2908718291661343,True
3,0.4681538716246007,True
4,0.552177993934075,True
5,0.5438707986664727,True
6,0.4918482021476924,True
7,0.4802758075957139,True
8,0.4468798982000803,True
9,0.4524253906129184,True
10,0.49038636485601594,True
11,0.48279325492900327,True
12,0.5125780897257716,True
13,0.5118464277688208,True
14,0.5112123207394635,True
15,0.510657477088776,True
16,0.5143922730078057,True
17,0.5137224146367311,True
18,0.5334356814017438,True
19,0.5170683930590456,True
20,0.5010038325817107,True
21,0.4863996866932243,True
22,0.5038725039314308,True
23,0.5038084338646404,True
24,0.48854640249610176,True
25,0.4766681802091367,True
26,0.47800234515559237,True
27,0.4926549215133202,True
28,0.48943471890016654,True
29,0.506453561570161,True
30,0.4909095269408706,True
31,0.4880457619030892,True
32,0.4795016453165647,True
33,0.47068432113181313,True
34,0.4826154686186748,True
35,0.4742015006857953,True
36,0.46271504528509294,True
37,0.4637576709967605,True
38,0.4665882180920303,True
39,0.4674818831979411,True
40,0.46046312075494283,True
41,0.4524106095381865,True
42,0.4535716377426115,True
43,0.45467989193774444,True
44,0.4491556702179675,True
45,0.4473416826316839,True
46,0.448511749433743,True
47,0.4511291923145459,True
48,0.460050524781024,True
49,0.46089621073197273,True
50,0.4542562389460748,True
51,0.45518082708804375,True
52,0.45607052511144786,True
53,0.45825716367812996,True
54,0.46607566039619985,True
55,0.47361492508862435,True
56,0.4723106114156987,True
57,0.4672658185125834,True
58,0.47629521140220066,True
59,0.4717917897879603,True
60,0.4670036067264366,True
61,0.4735034857677359,True
62,0.46822182718412475,True
63,0.4637138708692949,True
64,0.47196442668669036,True
65,0.47242458419641414,True
66,0.46610783892273344,True
67,0.47395919421798743,True
68,0.4815829739974368,True
69,0.48739285269993016,True
70,0.4830593283384524,True
71,0.4833270435327581,True
72,0.4773801340440876,True
73,0.4728311997326843,True
74,0.47837044351187474,True
75,0.4747878049728735,True
76,0.46919538162811397,True
77,0.4654840642102536,True
78,0.4622005939613616,True
79,0.45866949432478216,True
80,0.46009516732956607,True
81,0.4666793725938397,True
82,0.4717588317574316,True
83,0.47224611511464604,True
84,0.4784549843368266,True
85,0.4734051729774029,True
86,0.47002939654128345,True
87,0.4760517897510416,True
88,0.4806835054074565,True
89,0.47896601598896865,True
90,0.4741880510597095,True
91,0.4799033983199301,True
92,0.47500753906984655,True
93,0.4794039959219968,True
94,0.4848839538491337,True
95,0.49024974598612187,True
96,0.4870483323474506,True
97,0.4839122536809971,True
98,0.4891252612094718,True
99,0.4942340085873771,True
0,0.5023348223284616,Quantum
1,0.3215469086643499,Quantum
2,0.38180954655238714,Quantum
3,0.3169215723270846,Quantum
4,0.42753647931906597,Quantum
5,0.4400028698206319,Quantum
6,0.44890743446460757,Quantum
7,0.4555858579475893,Quantum
8,0.4607801873232418,Quantum
9,0.5035296169081148,Quantum
10,0.5034209992190554,Quantum
11,0.4786434088297826,Quantum
12,0.45564873299941555,Quantum
13,0.45972315448256,Quantum
14,0.4957416107837227,Quantum
15,0.49615368650526886,Quantum
16,0.49651728273016255,Quantum
17,0.4713869452132864,Quantum
18,0.4730157808509271,Quantum
19,0.4583506229601313,Quantum
20,0.4604451086443375,Quantum
21,0.4576643785119524,Quantum
22,0.48124418809838926,Quantum
23,0.46868037288741515,Quantum
24,0.46590391980119317,Quantum
25,0.4673051083599343,Quantum
26,0.48289656668630604,Quantum
27,0.4700166053636229,Quantum
28,0.46000612321436035,Quantum
29,0.4515422495921411,Quantum
30,0.45318071968040946,Quantum
31,0.44463484166024075,Quantum
32,0.43333722693754073,Quantum
33,0.4258776797639369,Quantum
34,0.4188443924288247,Quantum
35,0.4349876037224685,Quantum
36,0.42808827992010473,Quantum
37,0.42155207842312864,Quantum
38,0.4153510667465103,Quantum
39,0.417525660636059,Quantum
40,0.42900733923449597,Quantum
41,0.43075323168911417,Quantum
42,0.4224057973663706,Quantum
43,0.4244577254663039,Quantum
44,0.4196051074458923,Quantum
45,0.4143900534369601,Quantum
46,0.416261218732524,Quantum
47,0.4113331229888258,Quantum
48,0.42334673270333956,Quantum
49,0.41847405050997305,Quantum
50,0.41379245389281694,Quantum
51,0.41549519174734856,Quantum
52,0.41380866846425807,Quantum
53,0.42225658399801236,Quantum
54,0.4237125519676569,Quantum
55,0.4193554103795739,Quantum
56,0.42954215754835334,Quantum
57,0.43203537910290385,Quantum
58,0.439768245273566,Quantum
59,0.4344764020131929,Quantum
60,0.44161606931276337,Quantum
61,0.4506222617270736,Quantum
62,0.45258300372683885,Quantum
63,0.4533603758924892,Quantum
64,0.454113828914581,Quantum
65,0.44995623488610276,Quantum
66,0.45816584330571314,Quantum
67,0.4540709430076146,Quantum
68,0.4547704195195109,Quantum
69,0.4625594135120894,Quantum
70,0.46311963053767213,Quantum
71,0.4705763023218711,Quantum
72,0.47101135054113946,Quantum
73,0.4714346407004276,Quantum
74,0.472804165593919,Quantum
75,0.47319272686674196,Quantum
76,0.4735711956389721,Quantum
77,0.4739399600837092,Quantum
78,0.4752084290410329,Quantum
79,0.47151473146595757,Quantum
80,0.4679122363001434,Quantum
81,0.4744011114550196,Quantum
82,0.47473766218843466,Quantum
83,0.47506619980914927,Quantum
84,0.47538700713290594,Quantum
85,0.4814871582011279,Quantum
86,0.4780184853831265,Quantum
87,0.482472776541125,Quantum
88,0.48269594559491535,Quantum
89,0.477879353431192,Quantum
90,0.47814809484764553,Quantum
91,0.4838203981536494,Quantum
92,0.48401947798348616,Quantum
93,0.48017094789484455,Quantum
94,0.4770082286857936,Quantum
95,0.4824560596265666,Quantum
96,0.48125251510720946,Quantum
97,0.4767925017635276,Quantum
98,0.47379169490768397,Quantum
99,0.47046136790860954,Quantum